{"cameraMode":{"drawMode":0,"name":"Shaded","section":"Shading Mode"},"sceneLighting":false,"audioPlay":false,"sceneViewState":{"m_AlwaysRefresh":false,"showFog":true,"showSkybox":false,"showFlares":true,"showImageEffects":true,"showParticleSystems":true,"showVisualEffectGraphs":true,"m_FxEnabled":true},"in2DMode":false,"pivot":{"x":-0.01027253270149231,"y":0.013348518870770932,"z":-0.03201049193739891},"rotation":{"x":0.0035542412661015989,"y":0.7818085551261902,"z":0.6234578490257263,"w":-0.004455012269318104},"size":0.0032863037195056679,"orthographic":true}