{"cameraMode":{"drawMode":0,"name":"Shaded","section":"Shading Mode"},"sceneLighting":false,"audioPlay":false,"sceneViewState":{"m_AlwaysRefresh":false,"showFog":true,"showSkybox":false,"showFlares":true,"showImageEffects":true,"showParticleSystems":true,"showVisualEffectGraphs":true,"m_FxEnabled":true},"in2DMode":false,"pivot":{"x":-7.450580596923828e-8,"y":0.11772675812244415,"z":-2.9802322387695315e-8},"rotation":{"x":0.1127026379108429,"y":0.8575095534324646,"z":-0.21254007518291474,"w":0.45461538434028628},"size":0.14793720841407777,"orthographic":false}