{"cameraMode":{"drawMode":0,"name":"Shaded","section":"Shading Mode"},"sceneLighting":false,"audioPlay":false,"sceneViewState":{"m_AlwaysRefresh":false,"showFog":true,"showSkybox":false,"showFlares":true,"showImageEffects":true,"showParticleSystems":true,"showVisualEffectGraphs":true,"m_FxEnabled":true},"in2DMode":false,"pivot":{"x":-2.682209014892578e-7,"y":0.13032940030097962,"z":1.4901161193847657e-8},"rotation":{"x":0.0851544439792633,"y":-0.4871501326560974,"z":0.04779991880059242,"w":0.8678405284881592},"size":0.23080578446388246,"orthographic":true}