{"cameraMode":{"drawMode":0,"name":"Shaded","section":"Shading Mode"},"sceneLighting":false,"audioPlay":false,"sceneViewState":{"m_AlwaysRefresh":false,"showFog":true,"showSkybox":false,"showFlares":true,"showImageEffects":true,"showParticleSystems":true,"showVisualEffectGraphs":true,"m_FxEnabled":true},"in2DMode":false,"pivot":{"x":0.07692384719848633,"y":0.05257174372673035,"z":0.02103281021118164},"rotation":{"x":0.003247365355491638,"y":-0.8003608584403992,"z":0.5995088815689087,"w":0.004369175061583519},"size":0.5627214908599854,"orthographic":true}