{"cameraMode":{"drawMode":0,"name":"Shaded","section":"Shading Mode"},"sceneLighting":false,"audioPlay":false,"sceneViewState":{"m_AlwaysRefresh":false,"showFog":true,"showSkybox":false,"showFlares":true,"showImageEffects":true,"showParticleSystems":true,"showVisualEffectGraphs":true,"m_FxEnabled":true},"in2DMode":false,"pivot":{"x":-1.5273690223693848e-7,"y":0.0429728701710701,"z":-5.587935447692871e-9},"rotation":{"x":0.1127026379108429,"y":0.8575095534324646,"z":-0.21254007518291474,"w":0.45461538434028628},"size":0.05459024757146835,"orthographic":false}