{"cameraMode":{"drawMode":0,"name":"Shaded","section":"Shading Mode"},"sceneLighting":false,"audioPlay":false,"sceneViewState":{"m_AlwaysRefresh":false,"showFog":true,"showSkybox":false,"showFlares":true,"showImageEffects":true,"showParticleSystems":true,"showVisualEffectGraphs":true,"m_FxEnabled":true},"in2DMode":false,"pivot":{"x":-0.10600709915161133,"y":0.018227577209472657,"z":0.2906370162963867},"rotation":{"x":-0.048089608550071719,"y":-0.9511374831199646,"z":0.19467391073703767,"w":-0.23482820391654969},"size":15.135454177856446,"orthographic":false}