{"cameraMode":{"drawMode":0,"name":"Shaded","section":"Shading Mode"},"sceneLighting":false,"audioPlay":false,"sceneViewState":{"m_AlwaysRefresh":false,"showFog":true,"showSkybox":false,"showFlares":true,"showImageEffects":true,"showParticleSystems":true,"showVisualEffectGraphs":true,"m_FxEnabled":true},"in2DMode":false,"pivot":{"x":-0.02099202759563923,"y":0.015789756551384927,"z":-0.01741308718919754},"rotation":{"x":0.008973442018032074,"y":0.8329326510429382,"z":0.5531083345413208,"w":-0.013487069867551327},"size":0.00450041564181447,"orthographic":false}