{"cameraMode":{"drawMode":0,"name":"Shaded","section":"Shading Mode"},"sceneLighting":false,"audioPlay":false,"sceneViewState":{"m_AlwaysRefresh":false,"showFog":true,"showSkybox":false,"showFlares":true,"showImageEffects":true,"showParticleSystems":true,"showVisualEffectGraphs":true,"m_FxEnabled":true},"in2DMode":false,"pivot":{"x":0.01679813861846924,"y":0.015770956873893739,"z":0.00425992626696825},"rotation":{"x":0.01273614913225174,"y":0.5546248555183411,"z":-0.00849441159516573,"w":0.8319524526596069},"size":0.004961696453392506,"orthographic":false}