{"cameraMode":{"drawMode":0,"name":"Shaded","section":"Shading Mode"},"sceneLighting":false,"audioPlay":false,"sceneViewState":{"m_AlwaysRefresh":false,"showFog":true,"showSkybox":false,"showFlares":true,"showImageEffects":true,"showParticleSystems":true,"showVisualEffectGraphs":true,"m_FxEnabled":true},"in2DMode":false,"pivot":{"x":0.1790582686662674,"y":-0.030242159962654115,"z":0.1920349895954132},"rotation":{"x":-0.08224651962518692,"y":0.9167765974998474,"z":-0.29752421379089358,"w":-0.2534272372722626},"size":0.28207162022590639,"orthographic":true}