{"cameraMode":{"drawMode":0,"name":"Shaded","section":"Shading Mode"},"sceneLighting":false,"audioPlay":false,"sceneViewState":{"m_AlwaysRefresh":false,"showFog":true,"showSkybox":false,"showFlares":true,"showImageEffects":true,"showParticleSystems":true,"showVisualEffectGraphs":true,"m_FxEnabled":true},"in2DMode":false,"pivot":{"x":0.0016044089570641518,"y":-0.01778525486588478,"z":-0.01865285076200962},"rotation":{"x":-0.032349009066820148,"y":0.857678234577179,"z":0.5102618932723999,"w":0.05436114966869354},"size":0.005477225407958031,"orthographic":false}