{"cameraMode":{"drawMode":0,"name":"Shaded","section":"Shading Mode"},"sceneLighting":false,"audioPlay":false,"sceneViewState":{"m_AlwaysRefresh":false,"showFog":true,"showSkybox":false,"showFlares":true,"showImageEffects":true,"showParticleSystems":true,"showVisualEffectGraphs":true,"m_FxEnabled":true},"in2DMode":false,"pivot":{"x":0.015054972842335701,"y":0.02298673614859581,"z":-0.036885637789964679},"rotation":{"x":0.006273691076785326,"y":0.7873589396476746,"z":0.6163744926452637,"w":-0.008039751090109349},"size":0.007764836773276329,"orthographic":true}