{"cameraMode":{"drawMode":0,"name":"Shaded","section":"Shading Mode"},"sceneLighting":false,"audioPlay":false,"sceneViewState":{"m_AlwaysRefresh":false,"showFog":true,"showSkybox":false,"showFlares":true,"showImageEffects":true,"showParticleSystems":true,"showVisualEffectGraphs":true,"m_FxEnabled":true},"in2DMode":false,"pivot":{"x":-0.01991971768438816,"y":0.019725697115063669,"z":-0.0028221458196640016},"rotation":{"x":0.0006513285916298628,"y":0.8379904627799988,"z":0.5456669926643372,"w":-0.0010070959106087685},"size":0.0027991030365228655,"orthographic":false}