{"cameraMode":{"drawMode":0,"name":"Shaded","section":"Shading Mode"},"sceneLighting":false,"audioPlay":false,"sceneViewState":{"m_AlwaysRefresh":false,"showFog":true,"showSkybox":false,"showFlares":true,"showImageEffects":true,"showParticleSystems":true,"showVisualEffectGraphs":true,"m_FxEnabled":true},"in2DMode":false,"pivot":{"x":-0.0001395922154188156,"y":0.004930253606289625,"z":-0.0342131182551384},"rotation":{"x":-0.009150880388915539,"y":-0.8526120781898499,"z":-0.522279679775238,"w":0.014853524044156075},"size":0.003345033386722207,"orthographic":false}