{"cameraMode":{"drawMode":0,"name":"Shaded","section":"Shading Mode"},"sceneLighting":false,"audioPlay":false,"sceneViewState":{"m_AlwaysRefresh":false,"showFog":true,"showSkybox":false,"showFlares":true,"showImageEffects":true,"showParticleSystems":true,"showVisualEffectGraphs":true,"m_FxEnabled":true},"in2DMode":false,"pivot":{"x":-0.04129841923713684,"y":0.2930086851119995,"z":-0.0004776418209075928},"rotation":{"x":-0.04097805544734001,"y":0.905548632144928,"z":-0.08994337916374207,"w":-0.41256654262542727},"size":0.4642239809036255,"orthographic":true}