{"cameraMode":{"drawMode":0,"name":"Shaded","section":"Shading Mode"},"sceneLighting":false,"audioPlay":false,"sceneViewState":{"m_AlwaysRefresh":false,"showFog":true,"showSkybox":false,"showFlares":true,"showImageEffects":true,"showParticleSystems":true,"showVisualEffectGraphs":true,"m_FxEnabled":true},"in2DMode":false,"pivot":{"x":0.021230153739452363,"y":-0.005135272163897753,"z":0.007563939318060875},"rotation":{"x":0.002331456635147333,"y":0.7107018232345581,"z":-0.0023480812087655069,"w":0.7034919857978821},"size":0.008321265690028668,"orthographic":false}